mode,frames,mean_ms,mean_fps
gather-robust,69,4.51821884057971,221.32615423995156
scatter-backup,69,5.033662753623188,198.66249467750066
multi-splatting,69,2.6159636231884056,382.2683125773643
